p_val	avg_log2FC	pct.1	pct.2	p_val_adj	gene	species
0	10.9626605868388	0.119	0	0	Spis-XP-022807637-1	Spis
0	9.97903157175171	0.118	0	0	Spis-XP-022787873-1	Spis
0	9.08169132778943	0.762	0.003	0	Spis-XP-022803870-1	Spis
0	8.9971737815039	0.202	0.001	0	Spis-XP-022787580-1	Spis
0	8.99422614998178	0.157	0	0	Spis-XP-022798857-1	Spis
0	8.84065518082233	0.24	0	0	Spis-XP-022794537-1	Spis
0	8.79906772071906	0.143	0	0	Spis-XP-022807631-1	Spis
0	8.76972232610811	0.242	0.001	0	Spis-XP-022803070-1	Spis
0	8.72803443905544	0.124	0	0	Spis-XP-022785275-1	Spis
0	8.66916388295588	0.18	0	0	Spis-XP-022794906-1	Spis
2.96439387504748e-323	8.66911843332068	0.113	0	1.47481559677487e-318	Spis-XP-022800083-1	Spis
4.25958696562031e-317	8.64421861119255	0.107	0	2.11918711126576e-312	Spis-XP-022780112-1	Spis
0	8.58420259464929	0.273	0.001	0	Spis-XP-022792672-1	Spis
0	8.49743302219861	0.455	0.002	0	Spis-XP-022783323-1	Spis
0	8.49345305070904	0.191	0.001	0	Spis-orphan-peak-14671	Spis
0	8.43202236997205	0.119	0	0	Spis-XP-022807443-1	Spis
0	8.41454026487555	0.657	0.004	0	Spis-XP-022806382-1	Spis
0	8.39823322326109	0.272	0.001	0	Spis-LOC111321367	Spis
0	8.37863655063638	0.679	0.003	0	Spis-XP-022783415-1	Spis
0	8.3748684025775	0.256	0.004	0	Spis-XP-022796886-1	Spis
0	8.37194291695691	0.258	0.001	0	Spis-XP-022783445-1	Spis
0	8.35495433057757	0.165	0.002	0	Spis-XP-022794122-1	Spis
0	8.35226389705378	0.135	0	0	Spis-XP-022807097-1	Spis
0	8.29800342418127	0.114	0	0	Spis-XP-022779602-1	Spis
0	8.24946069585007	0.126	0.001	0	Spis-XP-022803862-1	Spis
0	8.23653306330522	0.509	0.002	0	Spis-XP-022801136-1	Spis
0	8.22069771005631	0.598	0.006	0	Spis-XP-022799082-1	Spis
0	8.22027125361905	0.31	0.001	0	Spis-XP-022804316-1	Spis
0	8.16109495019383	0.251	0.001	0	Spis-XP-022783073-1	Spis
0	8.09740057323992	0.114	0	0	Spis-XP-022799346-1	Spis
0	8.07211172306949	0.428	0.002	0	Spis-XP-022784982-1	Spis
0	8.01883080299353	0.424	0.003	0	Spis-XP-022807096-1	Spis
0	7.99580177477416	0.199	0.001	0	Spis-XP-022801333-1	Spis
0	7.95132350520519	0.122	0	0	Spis-XP-022783952-1	Spis
0	7.93960786371715	0.273	0.001	0	Spis-Spis8682-1	Spis
0	7.88242449929551	0.137	0.001	0	Spis-XP-022804954-1	Spis
0	7.85104641118815	0.343	0.021	0	Spis-XP-022782036-1	Spis
0	7.7549697582286	0.129	0	0	Spis-XP-022788307-1	Spis
0	7.70404769450328	0.172	0.001	0	Spis-Spis10031-1	Spis
0	7.68695169404989	0.203	0.002	0	Spis-XP-022782000-1	Spis
2.02525153254491e-304	7.61529551360482	0.11	0.001	1.00758288995642e-299	Spis-XP-022799897-1	Spis
0	7.60960206209144	0.186	0.001	0	Spis-XP-022782398-1	Spis
0	7.54329342363249	0.172	0.001	0	Spis-Spis18492-1	Spis
3.76280395872693e-319	7.53136211904935	0.134	0.002	1.87203259750624e-314	Spis-XP-022796982-1	Spis
0	7.52712895523751	0.165	0.001	0	Spis-XP-022803833-1	Spis
1.38338380835549e-322	7.5102270468981	0.111	0	6.8824727849494e-318	Spis-XP-022805547-1	Spis
0	7.41331364726493	0.464	0.003	0	Spis-XP-022788808-1	Spis
0	7.40878257433172	0.2	0.001	0	Spis-XP-022799917-1	Spis
0	7.39455867282386	0.315	0.002	0	Spis-XP-022781165-1	Spis
0	7.3713435376751	0.145	0.001	0	Spis-orphan-peak-13707	Spis
0	7.34953116763759	0.447	0.005	0	Spis-orphan-peak-12678	Spis
0	7.33620423094833	0.149	0.001	0	Spis-XP-022803821-1	Spis
0	7.31494030794003	0.758	0.034	0	Spis-XP-022796494-1	Spis
0	7.28306086981826	0.477	0.003	0	Spis-orphan-peak-3340	Spis
0	7.24351762886704	0.191	0.001	0	Spis-XP-022785469-1	Spis
0	7.18142814614334	0.215	0.001	0	Spis-XP-022803660-1	Spis
0	7.16931044251541	0.156	0.001	0	Spis-orphan-peak-6216	Spis
0	7.15522747399786	0.604	0.017	0	Spis-orphan-peak-14667	Spis
0	7.10868018645945	0.31	0.002	0	Spis-Spis10030-1	Spis
0	7.08713471455879	0.358	0.002	0	Spis-XP-022784146-1	Spis
0	7.07471850011942	0.151	0.001	0	Spis-XP-022805546-1	Spis
0	7.03837884294721	0.393	0.003	0	Spis-LOC111327222	Spis
1.4763972940309e-192	6.99990026054942	0.137	0.006	7.34522417753315e-188	Spis-XP-022777447-1	Spis
0	6.92602802442703	0.253	0.002	0	Spis-XP-022783199-1	Spis
0	6.79493566934665	0.529	0.006	0	Spis-XP-022807628-1	Spis
0	6.79163660464956	0.129	0.001	0	Spis-XP-022806021-1	Spis
0	6.77230761793183	0.148	0.001	0	Spis-XP-022786857-1	Spis
0	6.72141942841204	0.129	0.001	0	Spis-XP-022784100-1	Spis
0	6.71974056774337	0.442	0.005	0	Spis-XP-022794431-1	Spis
0	6.70415935342795	0.423	0.006	0	Spis-XP-022789665-1	Spis
5.43472210425371e-322	6.66407340492717	0.137	0.002	2.70382859408726e-317	Spis-XP-022801442-1	Spis
0	6.66267528296379	0.248	0.005	0	Spis-XP-022803869-1	Spis
0	6.63705005343479	0.148	0.002	0	Spis-LOC111333567	Spis
2.52837884469573e-288	6.63049138594206	0.11	0.001	1.25789375902457e-283	Spis-LOC111344848	Spis
0	6.59523479064659	0.17	0.002	0	Spis-orphan-peak-20848	Spis
0	6.59380627347111	0.224	0.008	0	Spis-LOC111344833	Spis
0	6.58028633099093	0.561	0.007	0	Spis-orphan-peak-12733	Spis
0	6.31633642137754	0.452	0.005	0	Spis-XP-022787092-1	Spis
0	6.30710379346391	0.289	0.006	0	Spis-XP-022787678-1	Spis
0	6.30240156147313	0.556	0.009	0	Spis-XP-022799060-1	Spis
0	6.23838679408877	0.512	0.01	0	Spis-XP-022797906-1	Spis
0	6.23294448619524	0.299	0.003	0	Spis-XP-022780928-1	Spis
0	5.95821082095843	0.243	0.004	0	Spis-LOC111341000	Spis
0	5.94717638216478	0.253	0.004	0	Spis-XP-022794883-1	Spis
0	5.93788943503599	0.176	0.003	0	Spis-XP-022783642-1	Spis
6.00437065731667e-226	5.89417722124515	0.114	0.003	2.98723444572162e-221	Spis-LOC111333716	Spis
0	5.81512980358379	0.452	0.012	0	Spis-LOC111326826	Spis
0	5.80928668056661	0.294	0.004	0	Spis-XP-022800460-1	Spis
0	5.78865378172615	0.34	0.004	0	Spis-XP-022798909-1	Spis
5.61320591153428e-226	5.74442363199096	0.113	0.003	2.79262607304742e-221	Spis-XP-022792119-1	Spis
2.30597551646253e-216	5.58782265177881	0.122	0.004	1.14724587919527e-211	Spis-orphan-peak-6940	Spis
0	5.46717095859162	0.154	0.003	0	Spis-XP-022781571-1	Spis
0	5.37720387525651	0.262	0.007	0	Spis-XP-022791118-1	Spis
0	5.35808149384529	0.175	0.004	0	Spis-XP-022804686-1	Spis
2.99506242854147e-248	5.3562077246712	0.119	0.002	1.49007350882367e-243	Spis-orphan-peak-4204	Spis
2.24181044274672e-219	5.2969171038489	0.102	0.002	1.11532311337092e-214	Spis-LOC111336961	Spis
3.27700950841389e-279	5.27976586581549	0.151	0.004	1.63034500053099e-274	Spis-LOC111333153	Spis
2.63722064623604e-296	5.1748737623634	0.156	0.004	1.31204364370889e-291	Spis-orphan-peak-17133	Spis
0	5.17365020799329	0.275	0.005	0	Spis-XP-022786554-1	Spis
0	5.01898904001211	0.351	0.007	0	Spis-XP-022779168-1	Spis
0	4.96535230702641	0.224	0.009	0	Spis-XP-022807027-1	Spis
9.17519074983095e-222	4.92166908574094	0.108	0.002	4.5647491499484e-217	Spis-XP-022781301-1	Spis
5.79368969515511e-245	4.80093814875311	0.137	0.004	2.88241856023662e-240	Spis-XP-022804516-1	Spis
2.2611085557635e-264	4.76511079499163	0.191	0.009	1.1249241175779e-259	Spis-XP-022804087-1	Spis
0	4.76430035929212	0.291	0.008	0	Spis-XP-022779802-1	Spis
3.70472371977431e-268	4.71028342781091	0.172	0.007	1.84313709782492e-263	Spis-XP-022791772-1	Spis
6.07692042420709e-290	4.61722257204257	0.205	0.01	3.02332868024727e-285	Spis-XP-022801124-1	Spis
1.35628733569629e-303	4.61679765416013	0.17	0.005	6.74766512382263e-299	Spis-XP-022808090-1	Spis
2.05497884850204e-210	4.57322404391887	0.175	0.011	1.02237252691825e-205	Spis-XP-022804684-1	Spis
8.30851653657412e-234	4.54740461040809	0.141	0.005	4.13357006211099e-229	Spis-XP-022796983-1	Spis
0	4.53004850802417	0.335	0.018	0	Spis-XP-022800807-1	Spis
0	4.51400075572231	0.488	0.033	0	Spis-XP-022783223-1	Spis
5.02853583342992e-209	4.47496569523889	0.151	0.007	2.50174686248972e-204	Spis-XP-022789952-1	Spis
1.11680091623267e-267	4.45466431076976	0.127	0.002	5.55619623834916e-263	Spis-XP-022800534-1	Spis
0	4.45439225694888	0.31	0.008	0	Spis-XP-022786749-1	Spis
5.78496158379633e-188	4.42112104096215	0.126	0.005	2.87807623755451e-183	Spis-orphan-peak-11849	Spis
1.70345245635185e-270	4.36377660755891	0.199	0.01	8.47484631559611e-266	Spis-XP-022798726-1	Spis
2.21749350534605e-218	4.33683553441391	0.114	0.003	1.10322519384471e-213	Spis-XP-022787949-1	Spis
0	4.29895472839077	0.324	0.025	0	Spis-XP-022806020-1	Spis
0	4.26514038083473	0.415	0.021	0	Spis-XP-022787133-1	Spis
3.29305352207239e-201	4.15175052021371	0.149	0.007	1.63832705776624e-196	Spis-LOC111330752	Spis
5.09978440263259e-226	4.14226341684616	0.135	0.005	2.53719373815374e-221	Spis-XP-022784032-1	Spis
3.44875051176286e-158	4.12575300212718	0.145	0.01	1.71578786710714e-153	Spis-orphan-peak-4640	Spis
0	4.07472241663628	0.418	0.021	0	Spis-XP-022791446-1	Spis
7.23184098986983e-260	4.04181058832018	0.199	0.01	3.59791321087014e-255	Spis-XP-022784040-1	Spis
2.21230646724364e-115	4.03761788350324	0.116	0.009	1.10064459051838e-110	Spis-XP-022790413-1	Spis
5.67953759414804e-261	3.9990387708228	0.266	0.021	2.82562674846459e-256	Spis-XP-022783340-1	Spis
4.98859165644096e-211	3.94645388030916	0.218	0.018	2.48187423499594e-206	Spis-XP-022802669-1	Spis
1.35725661046753e-238	3.93482107384783	0.18	0.009	6.75248736273702e-234	Spis-XP-022782116-1	Spis
1.7961979659246e-128	3.91569890863522	0.107	0.006	8.93626450027146e-124	Spis-LOC111335659	Spis
0	3.90186637091048	0.485	0.046	0	Spis-XP-022788233-1	Spis
2.30361658206991e-229	3.85935035723526	0.156	0.007	1.1460722857456e-224	Spis-XP-022779813-1	Spis
0	3.85110739473266	0.374	0.031	0	Spis-XP-022805385-1	Spis
1.34098187665544e-237	3.77603467480939	0.246	0.02	6.67151893454846e-233	Spis-XP-022780524-1	Spis
4.06680907435025e-193	3.75841916541919	0.13	0.006	2.02327818257999e-188	Spis-XP-022798114-1	Spis
6.40577783558748e-270	3.74956310052401	0.226	0.014	3.18693853098313e-265	Spis-LOC111341683	Spis
3.22561723728019e-162	3.70862391955299	0.173	0.014	1.60477683171927e-157	Spis-XP-022794878-1	Spis
0	3.69960457903853	0.531	0.076	0	Spis-XP-022783501-1	Spis
2.29950802156707e-237	3.66347998203713	0.293	0.03	1.14402823580983e-232	Spis-XP-022779880-1	Spis
6.50228538663959e-84	3.65840972532393	0.219	0.046	3.23495200270706e-79	Spis-XP-022786110-1	Spis
4.46230588667009e-76	3.63687946267591	0.1	0.011	2.22004180167724e-71	Spis-XP-022781621-1	Spis
1.60248766603397e-268	3.59461654867579	0.25	0.017	7.97253638728559e-264	Spis-Spis7736-1	Spis
1.81071086996005e-262	3.58561767994996	0.281	0.024	9.00846764913823e-258	Spis-XP-022807665-1	Spis
1.43021189595644e-131	3.54004271730788	0.108	0.006	7.11544720357291e-127	Spis-orphan-peak-15861	Spis
9.60505742208433e-188	3.50737155078635	0.175	0.012	4.77861211806118e-183	Spis-XP-022786888-1	Spis
4.99872023211212e-126	3.49009091838557	0.13	0.01	2.4869133026781e-121	Spis-XP-022789892-1	Spis
1.63222649449521e-202	3.44424450466508	0.273	0.031	8.1204900327631e-198	Spis-XP-022786020-1	Spis
0	3.390470693036	0.418	0.042	0	Spis-XP-022780954-1	Spis
2.64647217835861e-117	3.36907267155769	0.122	0.01	1.31664637345519e-112	Spis-XP-022779695-1	Spis
4.40832864804743e-278	3.24223268521068	0.431	0.058	2.19318758569008e-273	Spis-XP-022804160-1	Spis
3.43396567262024e-76	3.21413155407835	0.1	0.011	1.70843226178529e-71	Spis-XP-022808967-1	Spis
4.04650897281639e-82	3.18667042583613	0.111	0.012	2.01317867906588e-77	Spis-XP-022790986-1	Spis
0	3.17250927512409	0.45	0.047	0	Spis-XP-022792926-1	Spis
9.24145993313023e-177	3.16195686700936	0.28	0.037	4.59771873133162e-172	Spis-XP-022806014-1	Spis
9.27979365915626e-107	3.15836161953798	0.122	0.011	4.61679014336683e-102	Spis-XP-022790447-1	Spis
1.3221459714558e-90	3.15832853140578	0.122	0.013	6.57780842258973e-86	Spis-XP-022807848-1	Spis
1.94024942053637e-171	3.10020189853379	0.221	0.023	9.6529348921105e-167	Spis-XP-022788596-1	Spis
5.96907720249227e-126	3.09136112046641	0.151	0.014	2.96967559901193e-121	Spis-XP-022789413-1	Spis
2.74775913662876e-75	3.0773688521521	0.129	0.018	1.36703764806418e-70	Spis-orphan-peak-1049	Spis
9.2049743909156e-78	3.04116219945459	0.146	0.022	4.57956680922442e-73	Spis-XP-022806843-1	Spis
2.55781335685151e-126	3.00476460182975	0.199	0.026	1.2725377231672e-121	Spis-XP-022802380-1	Spis
6.05063511236238e-105	2.97273264190748	0.161	0.02	3.01025147475141e-100	Spis-XP-022797642-1	Spis
5.24284144269776e-143	2.95988687315457	0.215	0.026	2.60836604615656e-138	Spis-XP-022801462-1	Spis
9.5419111492631e-72	2.95167718400235	0.107	0.013	4.74719621586989e-67	Spis-XP-022789417-1	Spis
5.84499429746302e-74	2.92607687975199	0.129	0.018	2.90794311293082e-69	Spis-XP-022788766-1	Spis
2.29407135958089e-107	2.92493245266485	0.245	0.046	1.14132344210509e-102	Spis-XP-022797836-1	Spis
1.48886601762914e-58	2.91567098994624	0.105	0.015	7.40725732430672e-54	Spis-XP-022793569-1	Spis
1.53395802042394e-172	2.84640753955295	0.261	0.032	7.63159454741116e-168	Spis-LOC111323751	Spis
1.51759286579212e-131	2.84459092556491	0.251	0.04	7.55017626660236e-127	Spis-XP-022789440-1	Spis
1.82004354399229e-124	2.84188160109216	0.288	0.055	9.05489863571603e-120	Spis-XP-022779058-1	Spis
1.35997317296416e-163	2.8171809595023	0.283	0.04	6.76600253281401e-159	Spis-orphan-peak-4753	Spis
3.78816113045217e-45	2.81293198416846	0.134	0.03	1.88464804401126e-40	Spis-XP-022795595-1	Spis
2.97468360220246e-110	2.80735202019806	0.191	0.027	1.47993483893174e-105	Spis-XP-022803369-1	Spis
9.43916658784262e-57	2.7970856581185	0.121	0.021	4.69607976911758e-52	Spis-XP-022783485-1	Spis
2.49256290990806e-69	2.79129824643929	0.138	0.022	1.24007497330836e-64	Spis-XP-022787111-1	Spis
7.15623263660688e-72	2.78404017111795	0.113	0.014	3.56029729903829e-67	Spis-XP-022804580-1	Spis
2.1935430519734e-76	2.77241310591241	0.162	0.028	1.09130960378728e-71	Spis-XP-022797937-1	Spis
6.51462402562959e-131	2.76535975034513	0.273	0.047	3.24109059899098e-126	Spis-XP-022789870-1	Spis
8.39360953832928e-73	2.76222278112333	0.205	0.045	4.1759046814142e-68	Spis-XP-022786601-1	Spis
1.01716726771827e-78	2.74380705049599	0.119	0.015	5.06050887362518e-74	Spis-XP-022801094-1	Spis
1.41746545495261e-142	2.73687553497906	0.127	0.008	7.05203238493473e-138	Spis-XP-022789847-1	Spis
5.03593769120911e-229	2.71600051329142	0.351	0.043	2.50542936075345e-224	Spis-XP-022789375-1	Spis
8.27549136115554e-164	2.70905657960399	0.297	0.044	4.11713970708849e-159	Spis-XP-022795566-1	Spis
2.55422945656955e-55	2.70797191399922	0.103	0.016	1.27075469693792e-50	Spis-XP-022803659-1	Spis
6.43103064626804e-130	2.70714929729295	0.164	0.016	3.19950205682481e-125	Spis-XP-022805650-1	Spis
6.10617250944851e-193	2.68716885647242	0.684	0.223	3.03788188517573e-188	Spis-XP-022793831-1	Spis
5.77479521664398e-114	2.68554160130454	0.34	0.081	2.87301836823254e-109	Spis-XP-022784236-1	Spis
6.92139294364235e-56	2.65710186569143	0.124	0.022	3.44346220339151e-51	Spis-XP-022797456-1	Spis
1.57329793631231e-116	2.62066933821767	0.323	0.072	7.82731456294738e-112	Spis-XP-022780352-1	Spis
3.99172901339289e-58	2.60868871139154	0.146	0.029	1.9859251014531e-53	Spis-orphan-peak-18824	Spis
8.92563167141703e-296	2.60193863107383	0.601	0.107	4.44059101284669e-291	Spis-XP-022793177-1	Spis
1.29888405884509e-70	2.59452786660274	0.176	0.035	6.46207808116019e-66	Spis-XP-022793610-1	Spis
2.35653746914326e-65	2.5757106738246	0.126	0.019	1.17240095627346e-60	Spis-XP-022799583-1	Spis
2.19518947085516e-97	2.55802491081929	0.215	0.038	1.09212871364515e-92	Spis-XP-022802445-1	Spis
4.06273982677398e-73	2.54214155934779	0.2	0.043	2.02125369121832e-68	Spis-XP-022797122-1	Spis
1.51084395823186e-69	2.5206925953805	0.154	0.027	7.51659977659935e-65	Spis-LOC111334139	Spis
5.19913998008005e-121	2.48506247434469	0.211	0.029	2.58662413148963e-116	Spis-XP-022807142-1	Spis
1.65297909853779e-85	2.4602403292336	0.167	0.026	8.22373631313537e-81	Spis-XP-022782912-1	Spis
1.37294972240262e-135	2.45808408386999	0.367	0.079	6.83056216392527e-131	Spis-orphan-peak-923	Spis
9.78818164709352e-143	2.45728046202511	0.421	0.101	4.8697182512455e-138	Spis-XP-022800056-1	Spis
1.09786538416854e-100	2.4417542171178	0.245	0.047	5.46199007277689e-96	Spis-XP-022795288-1	Spis
2.83494182113843e-64	2.42772537984214	0.194	0.045	1.41041190543458e-59	Spis-XP-022779310-1	Spis
3.9218156646005e-114	2.40094284144396	0.172	0.021	1.9511425112954e-109	Spis-XP-022790212-1	Spis
9.11338645755986e-38	2.37560112712549	0.103	0.022	4.53400089650061e-33	Spis-XP-022807847-1	Spis
4.74522362669386e-67	2.35264904573509	0.188	0.04	2.36079620651646e-62	Spis-XP-022782385-1	Spis
3.9824628347167e-44	2.34898825812901	0.149	0.037	1.9813150848999e-39	Spis-XP-022802289-1	Spis
1.37987356708256e-42	2.33820772186389	0.14	0.034	6.86500898359246e-38	Spis-XP-022779730-1	Spis
1.47313960018849e-144	2.33577063376862	0.211	0.025	7.32901682489773e-140	Spis-XP-022797885-1	Spis
1.11688704447217e-25	2.32179273662952	0.103	0.029	5.55662473495347e-21	Spis-XP-022804062-1	Spis
3.65443240540267e-56	2.31696511677051	0.157	0.034	1.81811666601188e-51	Spis-XP-022797510-1	Spis
5.52316669463502e-85	2.31619863679258	0.262	0.061	2.74783066224787e-80	Spis-XP-022781123-1	Spis
2.57826862388538e-32	2.29883648080766	0.126	0.034	1.28271442306921e-27	Spis-XP-022795289-1	Spis
1.04007110723144e-34	2.28509681105237	0.103	0.023	5.17445776558712e-30	Spis-XP-022795898-1	Spis
1.32714638045219e-111	2.27239629106737	0.218	0.034	6.60268595738768e-107	Spis-XP-022783327-1	Spis
7.98925736658502e-33	2.27168710043219	0.121	0.032	3.97473543244971e-28	Spis-XP-022780168-1	Spis
5.20880559954934e-42	2.25348551595783	0.113	0.023	2.59143287383179e-37	Spis-XP-022793861-1	Spis
3.76779657294386e-50	2.25203594120174	0.134	0.027	1.8745164730053e-45	Spis-XP-022802438-1	Spis
1.29764681505755e-33	2.24377737058009	0.103	0.024	6.45592266959281e-29	Spis-XP-022787550-1	Spis
3.64412874425061e-98	2.24355575346385	0.162	0.021	1.81299049155212e-93	Spis-XP-022793206-1	Spis
2.64866082990658e-88	2.23605591338543	0.261	0.058	1.31773524948682e-83	Spis-XP-022810230-1	Spis
4.12692031215861e-32	2.23248437375247	0.103	0.024	2.05318412450203e-27	Spis-XP-022784630-1	Spis
7.00885469103597e-64	2.21277970789526	0.154	0.029	3.4869752973373e-59	Spis-XP-022788909-1	Spis
1.18357529979727e-70	2.18203544673585	0.2	0.043	5.8884054740214e-66	Spis-XP-022796177-1	Spis
3.11364273903988e-38	2.18090271856456	0.11	0.024	1.54906839909973e-33	Spis-orphan-peak-3841	Spis
1.83626813116531e-93	2.15688352185602	0.258	0.055	9.13561757936055e-89	Spis-Spis25830-1	Spis
2.56754415327638e-88	2.14600602935009	0.145	0.019	1.27737889169653e-83	Spis-XP-022788615-1	Spis
6.51417625952932e-110	2.12765956423149	0.256	0.046	3.24086783087843e-105	Spis-XP-022805298-1	Spis
2.44052259851102e-117	2.12572857059701	0.394	0.1	1.21418439798522e-112	Spis-XP-022807817-1	Spis
9.56013864238556e-53	2.09884306596748	0.18	0.044	4.75626457597324e-48	Spis-XP-022800015-1	Spis
1.15963337601995e-21	2.08936919179012	0.11	0.036	5.76929200903688e-17	Spis-XP-022780307-1	Spis
2.44788215108587e-110	2.05275419591244	0.299	0.062	1.21784584898673e-105	Spis-XP-022803370-1	Spis
7.5348173890254e-66	2.04031241762896	0.207	0.048	3.74864699921403e-61	Spis-orphan-peak-13842	Spis
8.94072080546512e-34	2.03561994394785	0.111	0.027	4.44809800792695e-29	Spis-XP-022798902-1	Spis
1.0314796349431e-41	2.03009279590658	0.184	0.055	5.13171433180543e-37	Spis-XP-022777516-1	Spis
1.79449686814656e-40	2.02023731850395	0.122	0.027	8.92780136871594e-36	Spis-XP-022806022-1	Spis
7.16733508280996e-50	2.00200217454364	0.234	0.073	3.56582087704878e-45	Spis-XP-022780004-1	Spis
6.16850700475424e-75	1.99432167647718	0.146	0.022	3.06889391993528e-70	Spis-XP-022785567-1	Spis
2.4555430919146e-71	1.98915367735114	0.256	0.066	1.22165724365843e-66	Spis-XP-022789785-1	Spis
3.58051934778989e-82	1.97142251887556	0.297	0.077	1.78134418071895e-77	Spis-XP-022778944-1	Spis
2.89960859887713e-36	1.96631564523469	0.107	0.024	1.44258427402736e-31	Spis-XP-022791530-1	Spis
1.16646688306942e-70	1.95921250418862	0.175	0.033	5.80328938995866e-66	Spis-XP-022798140-1	Spis
1.19277590135216e-184	1.94860712086159	0.405	0.07	5.93417938681711e-180	Spis-XP-022803859-1	Spis
3.07279370755521e-46	1.94094407377184	0.205	0.061	1.52874559744579e-41	Spis-XP-022783880-1	Spis
8.71417429092609e-57	1.9382778745905	0.219	0.059	4.33538885147864e-52	Spis-XP-022805683-1	Spis
1.50415606007606e-49	1.93672354531263	0.148	0.033	7.48332681448441e-45	Spis-XP-022794903-1	Spis
2.43970258514891e-47	1.93006838736566	0.188	0.052	1.21377643313744e-42	Spis-XP-022779020-1	Spis
1.35852081887486e-28	1.92264080634999	0.148	0.048	6.75877692598431e-24	Spis-XP-022799194-1	Spis
4.32026602872206e-44	1.9105722949586	0.102	0.018	2.14937555194951e-39	Spis-XP-022790792-1	Spis
1.00516304795262e-25	1.90355653994222	0.113	0.033	5.00078667986909e-21	Spis-XP-022809767-1	Spis
1.31320450594473e-19	1.88871003980248	0.103	0.034	6.53332373752563e-15	Spis-XP-022790441-1	Spis
2.66393983530843e-27	1.87951449586995	0.114	0.033	1.3253367074643e-22	Spis-XP-022778272-1	Spis
4.95163630748646e-55	1.86392196273333	0.124	0.022	2.46348857933759e-50	Spis-XP-022784139-1	Spis
6.69276768488593e-45	1.84403611489475	0.24	0.081	3.3297188509076e-40	Spis-XP-022789246-1	Spis
2.38471016670029e-83	1.84104452191641	0.386	0.124	1.18641715503506e-78	Spis-XP-022789096-1	Spis
5.93337874409288e-83	1.83635896272762	0.377	0.119	2.95191525897365e-78	Spis-XP-022779130-1	Spis
9.08887600741699e-29	1.83240790740392	0.108	0.028	4.52180670245003e-24	Spis-XP-022785597-1	Spis
4.14972985161758e-145	1.83084937023178	0.507	0.128	2.06453209847826e-140	Spis-XP-022806326-1	Spis
1.08882162726008e-23	1.82224652739915	0.114	0.036	5.41699647778163e-19	Spis-XP-022796196-1	Spis
3.10073065398953e-33	1.81392509229169	0.119	0.03	1.54264450766633e-28	Spis-XP-022790810-1	Spis
2.32396699842907e-50	1.81251284822894	0.107	0.018	1.15619682138844e-45	Spis-orphan-peak-4398	Spis
3.53579374787324e-29	1.80246636993628	0.102	0.025	1.75909274750442e-24	Spis-XP-022802102-1	Spis
4.17537851162861e-61	1.79809827508625	0.25	0.07	2.07729256332035e-56	Spis-XP-022789186-1	Spis
2.61199190295827e-33	1.79470578046697	0.165	0.052	1.29949209164077e-28	Spis-XP-022805917-1	Spis
3.28311869055138e-57	1.7919607031138	0.157	0.033	1.63338437973622e-52	Spis-XP-022806921-1	Spis
4.12755994521252e-34	1.79006387756774	0.172	0.055	2.05350234834268e-29	Spis-XP-022800025-1	Spis
9.02915648910627e-32	1.78766788309305	0.124	0.033	4.49209564489526e-27	Spis-orphan-peak-968	Spis
4.44051711478863e-34	1.78540417173801	0.1	0.022	2.20920166977849e-29	Spis-XP-022781782-1	Spis
2.08447266420237e-28	1.78452912107795	0.108	0.029	1.03704599516732e-23	Spis-LOC111335950	Spis
3.83341603205519e-34	1.75805828638219	0.116	0.028	1.90716281010778e-29	Spis-XP-022781102-1	Spis
1.03860645432923e-110	1.75237594896985	0.477	0.148	5.16717097093334e-106	Spis-XP-022803680-1	Spis
1.47246430226637e-41	1.73151003799463	0.186	0.055	7.32565715020544e-37	Spis-XP-022787810-1	Spis
6.13418742993741e-34	1.72752384259381	0.186	0.063	3.05181958826816e-29	Spis-XP-022793614-1	Spis
1.30909075152738e-12	1.71417883694103	0.121	0.055	6.51285739792386e-08	Spis-XP-022806737-1	Spis
9.78092140375779e-131	1.71176663770029	0.585	0.182	4.86610620758354e-126	Spis-XP-022785063-1	Spis
1.58528003804448e-38	1.70867542021309	0.18	0.054	7.8869267172751e-34	Spis-XP-022798948-1	Spis
4.02756172177034e-68	1.69592458158013	0.203	0.044	2.00375223219796e-63	Spis-orphan-peak-722	Spis
9.7916008184801e-16	1.68334467347577	0.103	0.039	4.87141932320203e-11	Spis-XP-022790814-1	Spis
7.23435658367898e-27	1.67304528257987	0.148	0.05	3.59916474394613e-22	Spis-XP-022799910-1	Spis
1.02684803821157e-29	1.65042657193564	0.13	0.038	5.10867167490637e-25	Spis-XP-022786703-1	Spis
1.68455198741055e-21	1.64829773059949	0.107	0.034	8.38081459256625e-17	Spis-XP-022806731-1	Spis
1.52583995302507e-46	1.64710985924231	0.288	0.106	7.59120635029504e-42	Spis-XP-022794150-1	Spis
3.17985551644963e-64	1.64000622542806	0.256	0.07	1.58200991798885e-59	Spis-XP-022801426-1	Spis
6.88886178575614e-27	1.63513819591165	0.154	0.053	3.42727762703154e-22	Spis-XP-022801638-1	Spis
2.0822008653667e-27	1.63288732071136	0.159	0.055	1.03591575252859e-22	Spis-XP-022794311-1	Spis
6.81163488052572e-51	1.62955022655722	0.151	0.033	3.38885646941035e-46	Spis-XP-022791309-1	Spis
7.99344885768693e-63	1.62702351365083	0.455	0.195	3.97682074118783e-58	Spis-XP-022781592-1	Spis
3.12307829079262e-40	1.62168861501559	0.196	0.061	1.55376268045224e-35	Spis-LOC111343797	Spis
2.38337554818814e-19	1.60954852891928	0.126	0.046	1.18575316897908e-14	Spis-XP-022794576-1	Spis
3.13921853007141e-64	1.60875669403785	0.364	0.126	1.56179261089583e-59	Spis-XP-022793665-1	Spis
1.75329233930887e-46	1.60746576410424	0.261	0.09	8.72280471729555e-42	Spis-XP-022791228-1	Spis
3.09786334581849e-37	1.60420923677565	0.161	0.046	1.54121799317816e-32	Spis-XP-022780703-1	Spis
9.36835701352482e-33	1.59808663643956	0.164	0.052	4.66085129779873e-28	Spis-XP-022782535-1	Spis
2.77380421559144e-61	1.59719688419304	0.135	0.023	1.3799953352989e-56	Spis-XP-022789399-1	Spis
4.11915891086716e-40	1.59676758863417	0.211	0.07	2.04932274974552e-35	Spis-XP-022783470-1	Spis
2.75435677879412e-22	1.58877473664064	0.119	0.04	1.37032004101786e-17	Spis-XP-022806495-1	Spis
9.73326362427386e-83	1.58465535985618	0.305	0.078	4.84239598571249e-78	Spis-XP-022800693-1	Spis
9.46323044604037e-20	1.58157081065843	0.1	0.032	4.70805177920954e-15	Spis-XP-022805223-1	Spis
3.75590281381587e-39	1.58105182941251	0.248	0.091	1.86859920890153e-34	Spis-XP-022792787-1	Spis
6.51729490084484e-56	1.57961967239756	0.253	0.075	3.24241938611932e-51	Spis-XP-022782907-1	Spis
7.17758896749298e-28	1.5638701796475	0.14	0.044	3.57092228721743e-23	Spis-XP-022782436-1	Spis
2.3252212773722e-18	1.56154337245047	0.13	0.051	1.15682083770544e-13	Spis-XP-022781380-1	Spis
1.14462118905928e-82	1.55896509726824	0.529	0.222	5.69460487768883e-78	Spis-XP-022798574-1	Spis
2.36165573458856e-23	1.55040157224178	0.119	0.038	1.17494734451516e-18	Spis-XP-022781136-1	Spis
3.26585754528695e-29	1.54657243296902	0.148	0.047	1.62479678735571e-24	Spis-XP-022790770-1	Spis
6.14455866460822e-42	1.54589586721804	0.213	0.068	3.05697938122924e-37	Spis-XP-022803987-1	Spis
1.11207155540086e-35	1.54360223623287	0.366	0.174	5.53266719527482e-31	Spis-XP-022790445-1	Spis
1.32336597495135e-10	1.54309129427067	0.143	0.075	6.58387806198045e-06	Spis-XP-022802583-1	Spis
5.40134154198126e-22	1.54035389776979	0.105	0.032	2.6872214305511e-17	Spis-XP-022794857-1	Spis
2.21330771350655e-26	1.52263567869588	0.159	0.056	1.10114272054664e-21	Spis-XP-022790482-1	Spis
6.00877433352605e-22	1.51902685689543	0.103	0.031	2.98942531867255e-17	Spis-XP-022788249-1	Spis
4.53940911788007e-29	1.51203364996493	0.151	0.049	2.25840143023651e-24	Spis-orphan-peak-4715	Spis
2.69515780714406e-28	1.51197434402824	0.146	0.047	1.34086796063224e-23	Spis-XP-022797201-1	Spis
1.22220886073214e-18	1.51184097187615	0.105	0.036	6.08061130302847e-14	Spis-XP-022808056-1	Spis
1.21730864349293e-34	1.50403307207556	0.256	0.102	6.05623223224168e-30	Spis-XP-022802313-1	Spis
4.35522924597866e-19	1.49967726854526	0.138	0.054	2.16677010216684e-14	Spis-XP-022790333-1	Spis
4.57226125425864e-17	1.48772273160542	0.107	0.038	2.27474569660622e-12	Spis-XP-022792405-1	Spis
2.2915161333242e-27	1.48715031370891	0.232	0.1	1.14005219149012e-22	Spis-XP-022798832-1	Spis
6.77586506747652e-34	1.48196901227555	0.134	0.035	3.37106062972024e-29	Spis-XP-022792869-1	Spis
1.6650208651218e-15	1.46595057057914	0.118	0.047	8.28364530606749e-11	Spis-XP-022803976-1	Spis
7.79640603342654e-18	1.46022596384953	0.122	0.046	3.87878996569004e-13	Spis-Spis21451-1	Spis
2.57041004324455e-166	1.4484118983283	0.989	0.944	1.2788047006146e-161	Spis-orphan-peak-20616	Spis
4.42909271127247e-31	1.44763414188748	0.28	0.127	2.20351791478516e-26	Spis-XP-022807554-1	Spis
2.1882079658416e-161	1.44661731803081	0.997	0.949	1.08865534508585e-156	Spis-orphan-peak-9058	Spis
3.18744085088334e-22	1.44458291222756	0.183	0.077	1.58578369772297e-17	Spis-XP-022791892-1	Spis
7.09459222051159e-15	1.44287171927311	0.1	0.038	3.52963057562672e-10	Spis-XP-022796827-1	Spis
1.59095623613434e-26	1.43979015570004	0.159	0.056	7.91516637039197e-22	Spis-XP-022778618-1	Spis
1.4987956264178e-18	1.43956618648115	0.138	0.055	7.4566581209912e-14	Spis-XP-022781854-1	Spis
9.92642211244522e-27	1.43716398150415	0.141	0.046	4.93849426516262e-22	Spis-XP-022794244-1	Spis
6.18648839260882e-14	1.43468394304835	0.121	0.052	3.07783984020681e-09	Spis-orphan-peak-12931	Spis
1.20110621802837e-20	1.42950509524614	0.119	0.041	5.97562354531293e-16	Spis-XP-022796159-1	Spis
1.38634379456296e-28	1.42055698399372	0.173	0.061	6.89719901233018e-24	Spis-XP-022795196-1	Spis
2.58904405139134e-68	1.40557751754034	0.539	0.243	1.2880753060077e-63	Spis-XP-022797372-1	Spis
6.76554657201655e-41	1.4051590539556	0.229	0.077	3.36592707504395e-36	Spis-XP-022792123-1	Spis
3.40923321322232e-37	1.39573293786398	0.197	0.064	1.69612761591024e-32	Spis-XP-022789813-1	Spis
7.0249999993697e-24	1.39571915805851	0.213	0.092	3.49500774968642e-19	Spis-XP-022780562-1	Spis
1.44122663999658e-19	1.39381518228836	0.119	0.042	7.17024665664699e-15	Spis-XP-022792755-1	Spis
1.9124582648798e-24	1.37959354665008	0.149	0.053	9.51467111360351e-20	Spis-XP-022779823-1	Spis
2.77744236937097e-80	1.37919191628877	0.682	0.35	1.38180535318575e-75	Spis-XP-022780905-1	Spis
4.62067059479373e-20	1.37901632603548	0.135	0.051	2.29882982761583e-15	Spis-XP-022781624-1	Spis
4.05796059509868e-36	1.37424141704264	0.203	0.068	2.01887597566755e-31	Spis-XP-022795712-1	Spis
3.21845664909403e-16	1.36513475962665	0.129	0.053	1.60121436749077e-11	Spis-XP-022786834-1	Spis
2.5997907767834e-38	1.36097048978588	0.231	0.081	1.29342190935751e-33	Spis-XP-022783798-1	Spis
6.86519405225576e-44	1.35815735556259	0.372	0.165	3.41550269293776e-39	Spis-LOC111321900	Spis
7.46526086733124e-31	1.3580060247865	0.224	0.088	3.71404193410596e-26	Spis-XP-022808166-1	Spis
1.78772380120246e-22	1.3579358246878	0.127	0.043	8.89410468336238e-18	Spis-XP-022785626-1	Spis
6.65947115676185e-15	1.34887932260054	0.114	0.046	3.31315349520059e-10	Spis-XP-022797368-1	Spis
2.529677881641e-211	1.34705004958122	1	1	1.25854004289521e-206	Spis-orphan-peak-10292	Spis
1.48928201623224e-21	1.3452961084716	0.126	0.043	7.409326958957e-17	Spis-XP-022796643-1	Spis
8.83272472659742e-40	1.3404841780674	0.227	0.077	4.39436887872948e-35	Spis-XP-022784808-1	Spis
4.07602974628664e-156	1.33101490824648	0.99	0.967	2.02786555907506e-151	Spis-orphan-peak-19651	Spis
9.40467922258162e-23	1.32042904994621	0.178	0.072	4.67892196002658e-18	Spis-XP-022797946-1	Spis
1.02766969217073e-22	1.31106564857325	0.148	0.054	5.11275948551859e-18	Spis-XP-022795430-1	Spis
2.65783252714701e-14	1.30936786347193	0.116	0.048	1.32229826058091e-09	Spis-XP-022792137-1	Spis
8.78132804180602e-24	1.30441419600938	0.291	0.15	4.36879851407891e-19	Spis-XP-022784728-1	Spis
7.37882474155877e-19	1.29631607349353	0.143	0.057	3.6710390971729e-14	Spis-XP-022791701-1	Spis
1.69238613368575e-13	1.29594681658438	0.102	0.041	8.41979025369998e-09	Spis-XP-022787318-1	Spis
3.20032003773369e-14	1.28397110630257	0.1	0.039	1.59219122197289e-09	Spis-XP-022809912-1	Spis
9.50791383970684e-36	1.28311755628319	0.461	0.261	4.73028221439255e-31	Spis-Spis14506-1	Spis
3.98648102894631e-13	1.2804755504182	0.118	0.051	1.98331417671108e-08	Spis-XP-022791410-1	Spis
2.74254651237509e-11	1.27583632373254	0.103	0.046	1.36444431537173e-06	Spis-XP-022780999-1	Spis
1.50398277255228e-27	1.26648672353525	0.138	0.043	7.48246469172484e-23	Spis-XP-022802685-1	Spis
1.50509723984433e-21	1.2663646011761	0.229	0.107	7.48800927794952e-17	Spis-XP-022782832-1	Spis
2.61903652530449e-22	1.2476003693937	0.176	0.072	1.30299686170424e-17	Spis-XP-022789962-1	Spis
3.60126654300121e-39	1.23373325781664	0.296	0.118	1.79166611780853e-34	Spis-XP-022783592-1	Spis
3.85011043649039e-25	1.23195613269254	0.227	0.1	1.91546844325833e-20	Spis-XP-022796035-1	Spis
1.26518172713019e-14	1.22647790305463	0.156	0.073	6.2944056106454e-10	Spis-XP-022782515-1	Spis
9.43968457366019e-39	1.22483612366779	0.324	0.136	4.69633747224168e-34	Spis-XP-022791437-1	Spis
4.38255984617838e-51	1.22369056500071	0.405	0.169	2.18036734907221e-46	Spis-XP-022779869-1	Spis
2.53189296565316e-08	1.21350376251401	0.1	0.05	0.00125964206934211	Spis-XP-022786804-1	Spis
1.48154369625725e-27	1.2070530126545	0.25	0.11	7.37082804324943e-23	Spis-XP-022780101-1	Spis
3.27055608174508e-16	1.20441724561758	0.105	0.038	1.627134356229e-11	Spis-XP-022798600-1	Spis
3.61303032465994e-21	1.20279954657128	0.199	0.088	1.79751871682157e-16	Spis-XP-022794967-1	Spis
6.39322686602641e-31	1.19883827875959	0.286	0.128	3.1806942981168e-26	Spis-XP-022788107-1	Spis
1.22126642310036e-14	1.19862604447265	0.138	0.061	6.07592258156661e-10	Spis-XP-022790575-1	Spis
1.45277050217629e-41	1.1857359021468	0.437	0.217	7.22767852537725e-37	Spis-XP-022803509-1	Spis
4.56722059326936e-33	1.1845812024226	0.369	0.184	2.27223791735744e-28	Spis-XP-022803394-1	Spis
9.96971036082971e-07	1.1825199434849	0.105	0.059	0.0496003060161639	Spis-XP-022782704-1	Spis
2.9406721309667e-18	1.18211453776441	0.126	0.047	1.46301379187724e-13	Spis-XP-022801075-1	Spis
1.33257565346605e-13	1.17053915046859	0.11	0.045	6.62969713355893e-09	Spis-XP-022800370-1	Spis
6.74777023361913e-14	1.16714051213593	0.126	0.054	3.35708316892786e-09	Spis-XP-022795863-1	Spis
1.35705007455234e-31	1.16557197397329	0.445	0.254	6.75145982590532e-27	Spis-orphan-peak-15788	Spis
8.22192582549903e-11	1.16410026200685	0.134	0.067	4.09049031744402e-06	Spis-YP-002149707-1	Spis
2.14860372215804e-17	1.15719066407351	0.11	0.04	1.06895183781085e-12	Spis-XP-022807117-1	Spis
9.17061448158378e-38	1.15583174561581	0.105	0.022	4.56247241073275e-33	Spis-XP-022803066-1	Spis
3.06186558125602e-17	1.15464072774362	0.162	0.071	1.52330874533068e-12	Spis-XP-022792845-1	Spis
3.10086966138842e-56	1.15156253664853	0.375	0.14	1.54271366523735e-51	Spis-XP-022797547-1	Spis
5.35517164300504e-17	1.15146454419631	0.21	0.106	2.66425144411144e-12	Spis-XP-022800879-1	Spis
2.12789806614546e-18	1.14417215457332	0.165	0.071	1.05865056688803e-13	Spis-XP-022783448-1	Spis
1.81595862617022e-20	1.14117663112842	0.162	0.065	9.03457576105946e-16	Spis-XP-022807344-1	Spis
3.2641017011267e-09	1.13243462992507	0.113	0.057	0.000162392323732754	Spis-XP-022781685-1	Spis
4.01046109379233e-25	1.12936173393521	0.192	0.075	1.99524449877262e-20	Spis-XP-022792280-1	Spis
2.94086906090147e-09	1.12909880416065	0.1	0.048	0.000146311176648909	Spis-XP-022781848-1	Spis
4.07739838275307e-19	1.12673224086413	0.21	0.1	2.02854646940348e-14	Spis-Spis9289-1	Spis
8.86213200068742e-08	1.12435492291171	0.118	0.064	0.004408999291662	Spis-XP-022801187-1	Spis
1.34762397737794e-11	1.11875522956125	0.11	0.049	6.70456404985299e-07	Spis-XP-022779238-1	Spis
6.04588078165129e-16	1.11479441450867	0.137	0.057	3.00788614767933e-11	Spis-XP-022788027-1	Spis
3.20777811845752e-24	1.11474620389796	0.248	0.114	1.5959016917138e-19	Spis-XP-022800171-1	Spis
4.07762518148912e-14	1.10989486033721	0.146	0.067	2.02865930404265e-09	Spis-XP-022787304-1	Spis
9.6622813558302e-13	1.10600775603244	0.141	0.068	4.80708159733908e-08	Spis-XP-022783939-1	Spis
1.39978380365398e-16	1.10096479765543	0.124	0.048	6.96406440155892e-12	Spis-XP-022792880-1	Spis
3.69411232798242e-14	1.09798471515345	0.21	0.114	1.83785782429453e-09	Spis-XP-022777542-1	Spis
9.18545392332692e-20	1.09418980615268	0.14	0.053	4.56985518139438e-15	Spis-XP-022787696-1	Spis
5.70530701688587e-15	1.08704896873529	0.154	0.071	2.83844729397089e-10	Spis-XP-022787173-1	Spis
6.29284231298e-30	1.0860181978394	0.107	0.026	3.13075197913068e-25	Spis-XP-022795690-1	Spis
4.05378810571446e-15	1.08332963754041	0.121	0.049	2.016800120474e-10	Spis-XP-022787586-1	Spis
1.29989444328332e-09	1.07612092076474	0.111	0.054	6.46710484477886e-05	Spis-XP-022797557-1	Spis
5.30888042631778e-12	1.0745822651014	0.11	0.048	2.64122110089736e-07	Spis-XP-022788271-1	Spis
6.96939147584466e-12	1.07031830215579	0.113	0.05	3.46734195314748e-07	Spis-XP-022779105-1	Spis
2.44933106641129e-17	1.06923050909004	0.189	0.09	1.21856669885028e-12	Spis-XP-022783393-1	Spis
2.24509627333876e-17	1.06886886386451	0.219	0.112	1.11695784694877e-12	Spis-XP-022794564-1	Spis
3.98971277797168e-11	1.061917035963	0.121	0.057	1.98492200416869e-06	Spis-XP-022780643-1	Spis
1.84462863409785e-13	1.06179350802078	0.102	0.04	9.17721191750022e-09	Spis-XP-022787277-1	Spis
6.56062899207536e-17	1.04704024309791	0.126	0.049	3.26397852984741e-12	Spis-LOC111340986	Spis
8.69722454327423e-13	1.04644610533816	0.197	0.108	4.32695618252436e-08	Spis-XP-022793659-1	Spis
1.00838131850951e-11	1.03989658907608	0.132	0.063	5.01679789771668e-07	Spis-XP-022797308-1	Spis
3.13916383771258e-13	1.03603305797256	0.121	0.052	1.56176540090039e-08	Spis-XP-022786205-1	Spis
2.41701651473835e-10	1.03131469808499	0.119	0.058	1.20248988624748e-05	Spis-XP-022798187-1	Spis
4.67111460356374e-49	1.03048863420241	0.356	0.138	2.323926226419e-44	Spis-XP-022793698-1	Spis
1.9562590976412e-49	1.02823947362132	0.218	0.062	9.73258463667471e-45	Spis-XP-022781270-1	Spis
5.67459528753131e-24	1.02275912377457	0.318	0.167	2.8231679014997e-19	Spis-Spis8561-1	Spis
6.31378313578677e-30	1.02020753065388	0.405	0.219	3.14117024788527e-25	Spis-XP-022780292-1	Spis
5.33993622945997e-08	1.01877308863771	0.143	0.083	0.00265667167351863	Spis-XP-022807678-1	Spis
2.18744742848441e-12	1.01392210423863	0.11	0.047	1.08827697014528e-07	Spis-XP-022799321-1	Spis
5.84562153356e-28	1.01054035180202	0.412	0.228	2.90825516916144e-23	Spis-LOC111346130	Spis
1.74358897404497e-20	1.00886249869245	0.159	0.063	8.67452950477111e-16	Spis-XP-022785860-1	Spis
2.74235123080938e-21	1.00699901410303	0.273	0.138	1.36434716083998e-16	Spis-XP-022785735-1	Spis
4.9050398504824e-10	1.00648640989343	0.1	0.046	2.4403063760135e-05	Spis-XP-022791808-1	Spis
2.49058073944625e-13	1.00394964123691	0.184	0.096	1.2390888236819e-08	Spis-XP-022796879-1	Spis
